{
    "titulo-paso1" : "Rellena el formulario",
    "finproceso":"Fin del proceso",
    "subtitulo-paso1":"Reclamaci&oacute;n por retraso, en el vuelo",
    "msg-final-exito":"Felicidades!! tu reclamaci&oacute;n ha quedado almacenada en nuestras bases de datos. En breve nuestro departamento juridico se pondrá en contacto contigo, para comunicarle el resultado de las siguientes fases de su reclamaci&oacute;n. Nuestra politica es de informarte en tiempo real de cualquier cambio en el estado de tu reclamaci&oacute;n. De todas formas también puedes preguntarnos por t&eacute;lefono (984.04.12.75 o 625.71.52.38), mail (sos@defensadelpasajero.com) o twitter (@defensapasajero) ;)",
    "msg-final-error":"Lo sentimos pero parece que por excesivo tráfico en nuestras bases de datos no hemos podido almacenar los documentos que nos aportas. No te preocupes puedes enviarnos estás imagenes por correo a sos@defensadelpasajero.com o si lo prefieres nos pondremos en contacto contigo para solucionar el problema que sea. También puedes preguntarnos por t&eacute;lefono (984.04.12.75 o 625.71.52.38), mail (sos@defensadelpasajero.com) o twitter (@defensapasajero) ;)"
}
