<?xml version="1.0" encoding="UTF-8"?>
<beans xmlns="http://www.springframework.org/schema/beans"
	xmlns:xsi="http://www.w3.org/2001/XMLSchema-instance" xmlns:context="http://www.springframework.org/schema/context"
	xmlns:jaxws="http://cxf.apache.org/jaxws" xmlns:jaxrs="http://cxf.apache.org/jaxrs"
	xsi:schemaLocation="http://www.springframework.org/schema/beans
	http://www.springframework.org/schema/beans/spring-beans.xsd
 	http://cxf.apache.org/jaxrs
 	http://cxf.apache.org/schemas/jaxrs.xsd
 	http://cxf.apache.org/jaxws
 	http://cxf.apache.org/schemas/jaxws.xsd
 	http://www.springframework.org/schema/context
 	http://www.springframework.org/schema/context/spring-context-4.1.xsd">


	<bean id="claimCxfServiceImpl" class="com.dfp.services.internal.ReclamacionCxfRestServiceImpl" />
	<!-- <bean id="cxfServiceImpl" class="com.prueba.cxfrestservice.internal.CxfRestServiceImpl"
		/> -->

	<bean id="reclamacionDao" class="com.dfp.persistence.dao.ReclamacionDao" />
	<bean id="estadoDao" class="com.dfp.persistence.dao.EstadoDao" />
	<bean id="pasajeroDao" class="com.dfp.persistence.dao.PasajeroDao" />

	<!-- Mail con adjuntos -->

	<bean id="mailSender" class="org.springframework.mail.javamail.JavaMailSenderImpl">
		<property name="host" value="smtp.gmail.com" />
		<property name="port" value="587" />
		<property name="username" value="ladefensadelpasajero@gmail.com" />
		<property name="password" value="martitas1" />
		<property name="protocol"><value>smtp</value></property>
		<property name="javaMailProperties">
			<props>
            	<prop key="mail.smtp.auth">true</prop>
            	<prop key="mail.smtp.starttls.enable">true</prop>
		<prop key="mail.smtps.ssl.checkserveridentity">true</prop>
                <prop key="mail.smtps.ssl.trust">*</prop>
        	</props>
		</property>

	</bean>


	


	<bean id="mailReclamacionRecibidaAdjuntos" class="com.dfp.core.MailServiceImpl" scope="prototype">
	  <property name="active" value="true"/>
	  <property name="mailSender" ref="mailSender"/>
	  <property name="from" value="ladefensadelpasajero@gmail.com"/>
	  <property name="text">
        <value>
               <![CDATA[
                <!DOCTYPE html PUBLIC "-//W3C//DTD XHTML 1.0 Transitional//EN" "http://www.w3.org/TR/xhtml1/DTD/xhtml1-transitional.dtd">
<html xmlns="http://www.w3.org/1999/xhtml"><head><meta http-equiv="Content-Type" content="text/html; charset=UTF-8">

  <title>A Simple Responsive HTML Email</title>
  <style type="text/css">
  body {margin: 0; padding: 0; min-width: 100%!important;}
  img {height: auto;}
  .content {width: 100%; max-width: 600px;}
  .header {padding: 40px 30px 20px 30px;}
  .innerpadding {padding: 30px 30px 30px 30px;}
  .borderbottom {border-bottom: 1px solid #f2eeed;}
  .subhead {font-size: 15px; color: #ffffff; font-family: sans-serif; letter-spacing: 10px;}
  .h1, .h2, .bodycopy {color: #153643; font-family: sans-serif;}
  .h1 {font-size: 33px; line-height: 38px; font-weight: bold;}
  .h2 {padding: 0 0 15px 0; font-size: 24px; line-height: 28px; font-weight: bold;}
  .bodycopy {font-size: 16px; line-height: 22px;}
  .button {text-align: center; font-size: 18px; font-family: sans-serif; font-weight: bold; padding: 0 30px 0 30px;}
  .button a {color: #ffffff; text-decoration: none;}
  .footer {padding: 20px 30px 15px 30px;}
  .footercopy {font-family: sans-serif; font-size: 14px; color: #ffffff;}
  .footercopy a {color: #ffffff; text-decoration: underline;}

  @media only screen and (max-width: 550px), screen and (max-device-width: 550px) {
  body[yahoo] .hide {display: none!important;}
  body[yahoo] .buttonwrapper {background-color: transparent!important;}
  body[yahoo] .button {padding: 0px!important;}
  body[yahoo] .button a {background-color: #e05443; padding: 15px 15px 13px!important;}
  body[yahoo] .unsubscribe {display: block; margin-top: 20px; padding: 10px 50px; background: #2f3942; border-radius: 5px; text-decoration: none!important; font-weight: bold;}
  }

  /*@media only screen and (min-device-width: 601px) {
    .content {width: 600px !important;}
    .col425 {width: 425px!important;}
    .col380 {width: 380px!important;}
    }*/

  </style>
<style type="text/css"></style><style id="style-1-cropbar-clipper">
.en-markup-crop-options {
    top: 18px !important;
    left: 50% !important;
    margin-left: -100px !important;
    width: 200px !important;
    border: 2px rgba(255,255,255,.38) solid !important;
    border-radius: 4px !important;
}

.en-markup-crop-options div div:first-of-type {
    margin-left: 0px !important;
}
</style></head>

<body yahoo="" bgcolor="#f6f8f1">
<table width="100%" bgcolor="#f6f8f1" border="0" cellpadding="0" cellspacing="0">
<tbody><tr>
  <td>
    <!--[if (gte mso 9)|(IE)]>
      <table width="600" align="center" cellpadding="0" cellspacing="0" border="0">
        <tr>
          <td>
    <![endif]-->
    <table bgcolor="#ffffff" class="content" align="center" cellpadding="0" cellspacing="0" border="0">
      <tbody><tr>
        <td bgcolor="#c5f3f7" class="header">
          <table width="70" align="left" border="0" cellpadding="0" cellspacing="0">
            <tbody><tr>
              <td height="70" style="padding: 0 20px 20px 0;">
                <img class="fix" src="http://defensadelpasajero.com/reclamacion/resources/img/article1.png" width="70" height="70" border="0" alt="">
              </td>
            </tr>
          </tbody></table>
          <!--[if (gte mso 9)|(IE)]>
            <table width="425" align="left" cellpadding="0" cellspacing="0" border="0">
              <tr>
                <td>
          <![endif]-->
          <table class="col425" align="left" border="0" cellpadding="0" cellspacing="0" style="width: 100%; max-width: 425px;">
            <tbody><tr>
              <td height="70">
                <table width="100%" border="0" cellspacing="0" cellpadding="0">
                  <tbody><tr>
                    <td class="subhead" style="padding: 0 0 0 3px;">
                      SOS pasajero
                    </td>
                  </tr>
                  <tr>
                    <td class="h1" style="padding: 5px 0 0 0;">
                      Caso de reclamaci&oacute;n %CASORECLAMACION%
                    </td>
                  </tr>
                </tbody></table>
              </td>
            </tr>
          </tbody></table>
          <!--[if (gte mso 9)|(IE)]>
                </td>
              </tr>
          </table>
          <![endif]-->
        </td>
      </tr>
      <tr>
        <td class="innerpadding borderbottom">
          <table width="100%" border="0" cellspacing="0" cellpadding="0">
            <tbody><tr>
              <td class="h2">
                Hola, %NOMBRE%
              </td>
            </tr>
            <tr>
              <td class="bodycopy">
                Nos ha llegado el siguiente caso de reclamación:<br>
                %NOMBRECOMPLETO%<br>
                %MOTIVORECLAMACION% <br>
				%TELEFONO%<br>
				%EMAIL% <br>
				%TRAYECTOVUELO% <br>
				%CODIGOVUELO% <br>
				%HORARIOPREVISTO% <br>
				%HORARIOREAL% <br>
                %TEXTORECLAMACION% <br>
              </td>
            </tr>
             <tr>
	        <td class="bodycopy">
	          Actualmente tu reclamación está en estado %ESTADO%<br>
	          %DESCRIPCIONESTADO%
	        </td>
	      </tr>
          </tbody></table>
        </td>
      </tr>
      <tr>
        <td class="innerpadding borderbottom">
          <!-- <table width="115" align="left" border="0" cellpadding="0" cellspacing="0">
            <tbody><tr>
              <td height="115" style="padding: 0 20px 20px 0;">
                <img class="fix" src="C:\Users\amfranco\Downloads\Defensa del pasajero (@defensapasajero) _ Twitter_files/logo.jpg" width="115" height="115" border="0" alt="">
              </td>
            </tr>
          </tbody></table> -->
          <!--[if (gte mso 9)|(IE)]>
            <table width="380" align="left" cellpadding="0" cellspacing="0" border="0">
              <tr>
                <td>
          <![endif]-->
          <table class="col380" align="left" border="0" cellpadding="0" cellspacing="0" style="width: 100%; max-width: 380px;">
            <tbody><tr>
              <td>
                <table width="100%" border="0" cellspacing="0" cellpadding="0">
                  <tbody><tr>
                    <td class="bodycopy">
                      Estamos revisando tu documentación
                    </td>
                  </tr>
                  <tr>
                    <td style="padding: 20px 0 0 0;">
                      <table class="buttonwrapper" bgcolor="#e05443" border="0" cellspacing="0" cellpadding="0">
                        <tbody><tr>
                        <td class="button" height="45" bgcolor="green" >
                          %ENLACEESTADOSACEPTA%
                        </td>
                        <td class="button" height="45" bgcolor="#e05443" >
                          %ENLACEESTADOSRECHAZA%
                        </td>
                      </tr>
                      <tr></tr>
                      <tr>
                        <td class="button" height="45" bgcolor="blue">
                          %ENLACEPDF%
                        </td>
                      </tr>
                       
                      </tbody></table>
                    </td>
                  </tr>
                </tbody></table>
              </td>
            </tr>
          </tbody></table>
          <!--[if (gte mso 9)|(IE)]>
                </td>
              </tr>
          </table>
          <![endif]-->
        </td>
      </tr>

    
      <tr>
        <td class="footer" bgcolor="#44525f">
          <table width="100%" border="0" cellspacing="0" cellpadding="0">
            <tbody><tr>
              <td align="center" class="footercopy">
                ® SOS pasajero España 2016<br>
                <a href="http://defensadelpasajero.com" class="unsubscribe"><font color="#ffffff">Dejar de enviar</font></a>
                <span class="hide">No quiero recibir más avisos</span>
              </td>
            </tr>
            <tr>
              <td align="center" style="padding: 20px 0 0 0;">
                <table border="0" cellspacing="0" cellpadding="0">
                  <tbody><tr>
                    <td width="37" style="text-align: center; padding: 0 10px 0 10px;">
                      <a href="http://www.facebook.com/sospasajero/">
                        <img src="http://defensadelpasajero.com/reclamacion/resources/img/facebook.png" width="37" height="37" alt="Facebook" border="0">
                      </a>
                    </td>
                    <td width="37" style="text-align: center; padding: 0 10px 0 10px;">
                      <a href="https://twitter.com/sospasajero/" target="black">
                        <img src="http://defensadelpasajero.com/reclamacion/resources/img/twitter.png" width="37" height="37" alt="Twitter" border="0">
                      </a>
                    </td>
                  </tr>
                </tbody></table>
              </td>
            </tr>
          </tbody></table>
        </td>
      </tr>
    </tbody></table>
    <!--[if (gte mso 9)|(IE)]>
          </td>
        </tr>
    </table>
    <![endif]-->
    </td>
  </tr>
</tbody></table>

<!--analytics-->
<script   src="https://code.jquery.com/jquery-1.11.0.min.js"   integrity="sha256-spTpc4lvj4dOkKjrGokIrHkJgNA0xMS98Pw9N7ir9oI="   crossorigin="anonymous"></script>
</body></html>
            ]]>
        </value>
    </property>
	</bean>

<bean id="mailReclamacionRecibidaSinAdjuntos" class="com.dfp.core.MailServiceImpl">
	  <property name="active" value="true"/>
	  <property name="mailSender" ref="mailSender"/>
	  <property name="from" value="ladefensadelpasajero@gmail.com"/>
	  <property name="text">
        <value>
            <![CDATA[
                Se ha recibido una reclamación con el código: <h1> %s <h1>, no se han podido adjuntar los documentos nos pondremos en contacto contigo o puedes enviarnos los documentos a sos@defensadelpasajero.com
            ]]>
        </value>
    </property>
	</bean>

   <!-- Mail con adjuntos -->


	<!-- <bean id="mailSender" class="org.springframework.mail.javamail.JavaMailSenderImpl">
		<property name="host" value="mail.defensadelpasajero.com" />
		<property name="port" value="25" />
		<property name="username" value="auto@defensadelpasajero.com" />
		<property name="password" value="Judas974" />

		<property name="javaMailProperties">
			<props>
				<prop key="mail.smtp.auth">true</prop>
				<prop key="mail.smtp.starttls.enable">true</prop>
			</props>
		</property>
	</bean> -->

	<bean id="mailMail" class="com.dfp.core.MailMail">
		<property name="mailSender" ref="mailSender" />
	</bean>

	<bean id="mailNuevaReclamacion" class="com.dfp.core.MailMail">
        <property name="mailSender" ref="mailSender" />
        <property name="simpleMailMessage" ref="mailReclamacionRecibida" />
    </bean>


   <bean id="mailReclamacionRecibida"
        class="org.springframework.mail.SimpleMailMessage">
        <property name="from" value="from@no-spam.com" />
        <property name="to" value="to@no-spam.com" />
        <property name="subject" value="Recordatorio de contraseña" />
        <property name="text">
        <value>
            <![CDATA[
                Se ha recibido una reclamación con el código: <h1> %s <h1>
            ]]>
        </value>
    </property>
    </bean>

   

	<!-- <bean id="vueloDao" class="com.dfp.persistence.dao.VueloDao" /> -->
	<!-- <bean id="employeeDao" class="com.prueba.cxfrestservice.dao.EmployeeDao"
		/> -->
</beans>
