<?xml version="1.0" encoding="utf-8"?>
<!DOCTYPE hibernate-configuration SYSTEM 
"http://www.hibernate.org/dtd/hibernate-configuration-3.0.dtd">

<hibernate-configuration>
   <session-factory>
   <property name="hibernate.dialect">org.hibernate.dialect.MySQLDialect</property>
   <property name="hibernate.connection.driver_class">com.mysql.jdbc.Driver</property>
    <!-- <property name="hibernate.connection.url">jdbc:mysql://${OPENSHIFT_MYSQL_DB_HOST}:${OPENSHIFT_MYSQL_DB_PORT}/${OPENSHIFT_APP_NAME}</property>
   <property name="hibernate.connection.username">${OPENSHIFT_MYSQL_DB_USERNAME}</property>
   <property name="hibernate.connection.password">${OPENSHIFT_MYSQL_DB_PASSWORD}</property>  -->
   <property name="hibernate.connection.url">jdbc:mysql://127.6.90.131:3306/wscentral?autoReconnect=true</property>
   <property name="hibernate.connection.username">admin9lmwL5t</property>
   <property name="hibernate.connection.password">QYNXgYdgeRJB</property>
   
   
 <!--    <property name="hibernate.connection.datasource">jdbc/MySQLDS</property> -->
   <property name="hibernate.hbm2ddl.auto">update</property>
   <property name="show_sql">false</property>
   <property name="hibernate.current_session_context_class">thread</property>
   
     <property name="hibernate.c3p0.acquire_increment">1</property>
	<property name="hibernate.c3p0.idle_test_period">300</property>
	<property name="hibernate.c3p0.timeout">5000</property>
	<property name="hibernate.c3p0.max_size">10</property>
	<property name="hibernate.c3p0.max_statements">0</property>
	<property name="hibernate.c3p0.min_size">1</property>
	<property name="hibernate.c3p0.acquireRetryAttempts">3</property>
	<property name="hibernate.c3p0.acquireRetryDelay">1000</property>
   
   
   <!-- <mapping class="com.javacodegeeks.snippets.enterprise.hibernate.model.Book"/> -->
      <mapping class="com.dfp.persistencia.entities.Reclamacion"/>
    <mapping class="com.dfp.persistencia.entities.Vuelo"/> 
   <mapping class="com.dfp.persistencia.entities.Estado"/>
    <mapping class="com.dfp.persistencia.entities.Pasajero"/> 
</session-factory>
</hibernate-configuration>